{"fun": "grezzo", "args": [18], "n_threads": 1, "seq_iter": 16, "iter": 8, "mean": 0.09852898337499028, "variance": 8.477152319731282e-05}