{"fun": "grezzo", "args": [18], "n_threads": 2, "seq_iter": 8, "iter": 8, "mean": 0.09942027924989816, "variance": 5.8727410442751864e-05}