{"fun": "grezzo", "args": [18], "n_threads": 4, "seq_iter": 4, "iter": 8, "mean": 0.09680214887509919, "variance": 2.180292058615311e-05}