{"fun": "grezzo", "args": [18], "n_threads": 8, "seq_iter": 2, "iter": 8, "mean": 0.09769198362482712, "variance": 4.127307896307277e-05}