{"fun": "just_wait", "args": [10], "n_threads": 8, "seq_iter": 2, "iter": 8, "mean": 0.20171735474980323, "variance": 1.2127400900681878e-07}