{"fun": "just_wait", "args": [10], "n_threads": 1, "seq_iter": 16, "iter": 8, "mean": 1.602991522624734, "variance": 3.777231268176935e-08}