{"fun": "just_wait", "args": [10], "n_threads": 2, "seq_iter": 8, "iter": 8, "mean": 0.8020225627500395, "variance": 7.265311363373682e-08}