{"fun": "just_wait", "args": [10], "n_threads": 4, "seq_iter": 4, "iter": 8, "mean": 0.4013883544999999, "variance": 2.1068260536723797e-07}